,precision,recall,f1-score,support
Class 0,0.7180327868852459,0.9647577092511013,0.8233082706766918,227.0
Class 1,0.9919678714859438,0.9199255121042831,0.9545893719806763,1074.0
accuracy,0.9277478862413528,0.9277478862413528,0.9277478862413528,0.9277478862413528
macro avg,0.8550003291855948,0.9423416106776922,0.888948821328684,1301.0
weighted avg,0.9441713578776744,0.9277478862413528,0.9316832920452385,1301.0
