,precision,recall,f1-score,support
Class 0,0.0,0.0,0.0,227.0
Class 1,0.21993127147766323,0.0595903165735568,0.09377289377289377,1074.0
accuracy,0.04919292851652575,0.04919292851652575,0.04919292851652575,0.04919292851652575
macro avg,0.10996563573883161,0.0297951582867784,0.046886446886446886,1301.0
weighted avg,0.1815574062774868,0.04919292851652575,0.07741128970952184,1301.0
