class_name,precision,recall,f1_score,support,accuracy
Class 0,0.0,0.0,0.0,227.0,0.04919292851652575
Class 1,0.21993127147766323,0.0595903165735568,0.09377289377289377,1074.0,0.04919292851652575
