class_name,mean_confidence,min_confidence,max_confidence,std_confidence
Class 0,0.92819935,0.42761636,1.0,0.13029386
Class 1,0.9344876,0.3359576,1.0,0.14014502
Class 2,0.924243,0.42376733,1.0,0.1419302
Class 3,0.94011825,0.46763366,1.0,0.12702923
Class 4,0.9574563,0.42603523,1.0,0.10216316
Class 5,0.97096527,0.48211876,1.0,0.092260644
Class 6,0.968921,0.49499944,1.0,0.09601496
Class 7,0.99064314,0.42638943,1.0,0.04979204
