count,mean_ms,std_ms,min_ms,max_ms,median_ms,p25_ms,p75_ms,p90_ms,p95_ms,p99_ms,iqr_ms
384,75.2145138879617,18.76711918560274,28.91850471496582,146.31390571594238,69.54646110534668,61.62768602371216,87.66955137252808,103.47352027893066,110.11353731155396,123.59553098678592,26.041865348815918
